ticker,date,open,high,low,close,adjClose,volume,daily_return,return_zscore,is_return_outlier,mod_zscore,is_return_outlier_mad
ADA-USD,2020-03-12,0.03962700068950653,0.03970099985599518,0.02396100014448166,0.02396100014448166,0.02396100014448166,179944370,-0.3956719959237812,-7.403864192964502,True,-10.973065114847582,True
ADA-USD,2021-01-06,0.2585490047931671,0.3462980091571808,0.25622498989105225,0.3318980038166046,0.3318980038166046,6170988900,0.28486255679209194,5.221446471593809,True,7.864664082317089,True
ADA-USD,2021-02-10,0.703548014163971,0.9438930153846741,0.703548014163971,0.9303179979324341,0.9303179979324341,12667653585,0.32238355542300967,5.917537893064338,True,8.903274698920875,True
BCH-USD,2020-01-14,267.6441650390625,364.1580810546875,267.5311279296875,350.2635192871094,350.2635192871094,6618289058,0.30928460580585315,5.725407406527861,True,9.497298743287953,True
BCH-USD,2020-03-12,266.75347900390625,266.9176940917969,150.85890197753906,152.22499084472656,152.22499084472656,5267287206,-0.4295601601954183,-8.022827350300474,True,-13.24000242676297,True
BCH-USD,2021-01-09,440.986083984375,587.8895263671875,420.3533935546875,573.911376953125,573.911376953125,11980066195,0.30121453612901106,5.575241610508679,True,9.24894941045213,True
BCH-USD,2021-04-16,866.6513061523438,1170.7347412109375,827.9777221679688,1110.654296875,1110.654296875,13562048894,0.2793264275660756,5.167953275051129,True,8.575362021951396,True
BCH-USD,2021-05-05,951.869384765625,1474.2880859375,942.0247802734375,1454.93505859375,1454.93505859375,14081332554,0.5232012301314997,9.705913332737781,True,16.080395675674552,True
BCH-USD,2021-05-19,1093.3572998046875,1110.525634765625,507.7298278808594,706.7958374023438,706.7958374023438,10094456486,-0.3524843326069095,-6.58862003027214,True,-10.86806127558504,True
BCH-USD,2021-05-24,554.3440551757812,758.5371704101562,540.7056884765625,748.4216918945312,748.4216918945312,5693828648,0.34574387875757506,6.403832248482676,True,10.619300965799422,True
BCH-USD,2023-06-23,133.96011352539062,190.91835021972656,133.7311248779297,181.7744598388672,181.7744598388672,1124083040,0.3568941754827186,6.611314122943574,True,10.962441590787735,True
BTC-USD,2020-03-12,7913.6162109375,7929.1162109375,4860.35400390625,4970.7880859375,4970.7880859375,53980357243,-0.37169538560117077,-10.737621952529008,True,-17.081960303547778,True
BTC-USD,2020-03-19,5245.41650390625,6329.73583984375,5236.96875,6191.19287109375,6191.19287109375,51000731797,0.18187755736638023,5.1756669789131875,True,8.316309844935997,True
BTC-USD,2021-02-08,38886.828125,46203.9296875,38076.32421875,46196.46484375,46196.46484375,101467222687,0.18746473766529936,5.336278901042434,True,8.572653144230076,True
EOS-USD,2020-03-12,3.0584170818328857,3.0666699409484863,1.8480910062789917,1.8480910062789917,1.8480910062789917,6776214413,-0.39602797384785726,-7.167595750905287,True,-12.110830476074382,True
EOS-USD,2021-05-05,6.3374199867248535,8.818597793579102,6.23162317276001,8.784547805786133,8.784547805786133,8595643987,0.37969096923150314,6.844604900942358,True,11.588138469502281,True
EOS-USD,2021-05-06,8.736405372619629,12.766373634338379,8.499970436096191,11.432257652282715,11.432257652282715,20328710732,0.30140536599420753,5.430492753110363,True,9.19643707229069,True
EOS-USD,2021-05-11,9.269244194030762,14.446660041809082,8.819717407226562,14.3655424118042,14.3655424118042,19747287698,0.5520823759487123,9.958597414760193,True,16.85486378377303,True
EOS-USD,2021-05-12,14.49703598022461,14.876485824584961,10.284602165222168,10.284602165222168,10.284602165222168,13854199527,-0.2840783960394502,-5.145394332291035,True,-8.690661880706676,True
EOS-USD,2021-05-19,9.34189224243164,9.47224235534668,4.372288227081299,5.755894184112549,5.755894184112549,9428366959,-0.3832731473391966,-6.937198917215261,True,-11.7211581082255,True
EOS-USD,2021-05-24,4.3038458824157715,5.620333194732666,4.201288223266602,5.607605934143066,5.607605934143066,3567180210,0.29771353066962236,5.363805278473851,True,9.083647908779731,True
ETC-USD,2020-03-12,6.576816082000732,6.594696998596191,3.9602999687194824,3.9639461040496826,3.9639461040496826,1769379393,-0.39732828508925355,-6.72772267086326,True,-11.94388800757143,True
ETC-USD,2021-02-13,12.022011756896973,17.75103759765625,11.841765403747559,16.592817306518555,16.592817306518555,4767114007,0.37948660618717556,6.333441553920246,True,11.381062930544259,True
ETC-USD,2021-04-15,21.950300216674805,29.805870056152344,21.52115249633789,28.652196884155273,28.652196884155273,3896283267,0.3036850487783964,5.05893381606831,True,9.105015409509587,True
ETC-USD,2021-04-16,28.6341552734375,46.07062911987305,28.6341552734375,38.53741455078125,38.53741455078125,10635029251,0.34500732026215153,5.75371577770601,True,10.345774264461948,True
ETC-USD,2021-05-04,52.124210357666016,71.93143463134766,49.61211395263672,69.49090576171875,69.49090576171875,13630779722,0.3348262905754864,5.582534583565372,True,10.040074643345315,True
ETC-USD,2021-05-05,69.23909759521484,100.0293197631836,68.12228393554688,94.26644134521484,94.26644134521484,23543754709,0.35652917906193804,5.9474413250001685,True,10.69173415045142,True
ETC-USD,2021-05-06,94.1517562866211,176.15769958496094,87.642822265625,134.10179138183594,134.10179138183594,42721411413,0.42258251683374093,7.058045024698827,True,12.675077775976527,True
ETC-USD,2021-05-19,88.80509948730469,90.2020263671875,40.96758270263672,60.121788024902344,60.121788024902344,10670122121,-0.32201439153450073,-5.461414386646234,True,-9.682483274152183,True
ETC-USD,2021-05-24,51.67326354980469,73.97311401367188,49.046852111816406,73.42115783691406,73.42115783691406,8536319378,0.41290192764650846,6.895278107397143,True,12.384404579079868,True
ETC-USD,2022-07-18,19.195308685302734,25.44963264465332,19.195308685302734,25.419828414916992,25.419828414916992,1661377755,0.32505887659860644,5.4183078167562915,True,9.74679441099982,True
ETC-USD,2022-07-27,25.03519058227539,32.95228576660156,24.98324966430664,32.721580505371094,32.721580505371094,4409691605,0.30696935509023837,5.114155291075019,True,9.203631288851938,True
ETH-USD,2020-03-12,194.73892211914062,195.14793395996094,111.21070861816406,112.34712219238281,112.34712219238281,22134741655,-0.42347221465293294,-9.39314178985568,True,-14.035633069178505,True
ETH-USD,2021-01-03,774.5118408203125,1006.5650024414062,771.5616455078125,975.5076904296875,975.5076904296875,45200463368,0.2594753293956862,5.648361848088466,True,8.512716349388652,True
ETH-USD,2021-05-19,3382.6572265625,3437.935791015625,1952.460205078125,2460.67919921875,2460.67919921875,84482912776,-0.2720034941722024,-6.057135488933306,True,-9.034707792932615,True
ETH-USD,2021-05-24,2099.93603515625,2672.595703125,2090.6396484375,2643.591064453125,2643.591064453125,53697121740,0.2531362984543515,5.508748553046968,True,8.303425480879215,True
LTC-USD,2020-03-12,48.4492301940918,48.558250427246094,30.627010345458984,30.930883407592773,30.930883407592773,5417383296,-0.3617732392248725,-7.4515772127110775,True,-10.72728343879265,True
LTC-USD,2021-05-19,294.6055908203125,299.84759521484375,151.1724395751953,189.52017211914062,189.52017211914062,11449368854,-0.3567286431879725,-7.3481269555741635,True,-10.578278536990641,True
LTC-USD,2021-05-24,142.80264282226562,184.1439971923828,140.40377807617188,183.99412536621094,183.99412536621094,5615445186,0.28201603604628467,5.750702133667647,True,8.288660958197033,True
LTC-USD,2023-06-30,84.76875305175781,110.79525756835938,84.58930206298828,108.16532897949219,108.16532897949219,3377766238,0.2758975797046421,5.625230068670968,True,8.1079368764871,True
TRX-USD,2020-03-12,0.014840000309050083,0.01487400010228157,0.008759000338613987,0.008791999891400337,0.008791999891400337,1368123604,-0.4073474978906344,-8.734650106484644,True,-15.861428631306644,True
TRX-USD,2021-03-31,0.0660879984498024,0.09678900241851807,0.06576000154018402,0.09231200069189072,0.09231200069189072,11940378031,0.3968465079646215,8.40223712337443,True,15.241604918692682,True
TRX-USD,2021-04-04,0.10210099816322327,0.12947000563144684,0.10127899795770645,0.1293729990720749,0.1293729990720749,11560343178,0.267468046416784,5.645260461803781,True,10.237759328112684,True
TRX-USD,2021-05-19,0.11649499833583832,0.11789499968290329,0.06452599912881851,0.07933200150728226,0.07933200150728226,4661555306,-0.31837159107727875,-6.838627417763729,True,-12.420193562892676,True
XLM-USD,2020-03-12,0.05037900060415268,0.05047500133514404,0.03344099968671799,0.03344099968671799,0.03344099968671799,526211822,-0.33631689758212857,-6.014225852830926,True,-10.271391615477809,True
XLM-USD,2020-11-24,0.13065099716186523,0.1965000033378601,0.13065099716186523,0.19548000395298004,0.19548000395298004,3759466315,0.49679548434333576,8.787621731180423,True,15.06219555780753,True
XLM-USD,2021-01-06,0.19467100501060486,0.3834809958934784,0.19423699378967285,0.34079301357269287,0.34079301357269287,10408578427,0.7492442836546367,13.272861335393696,True,22.738751329746872,True
XLM-USD,2021-05-19,0.6468679904937744,0.6563079953193665,0.303508996963501,0.45042699575424194,0.45042699575424194,4216540503,-0.30394597370787746,-5.4390939837871555,True,-9.28704467785002,True
XLM-USD,2023-07-13,0.09625600278377533,0.18301799893379211,0.09553699940443039,0.15487900376319885,0.15487900376319885,1004593480,0.6089319041456984,10.779941411623948,True,18.472080980225165,True
XRP-USD,2020-03-12,0.20820499956607819,0.20912399888038635,0.13963499665260315,0.13963499665260315,0.13963499665260315,3547958418,-0.3289875909106468,-5.515852212904529,True,-10.92325692997103,True
XRP-USD,2020-11-21,0.32806798815727234,0.4630570113658905,0.32806798815727234,0.4583440124988556,0.4583440124988556,16206296041,0.3971006896263536,6.565929308082692,True,13.11742167131339,True
XRP-USD,2020-11-23,0.44370099902153015,0.61496901512146,0.43473199009895325,0.6139799952507019,0.6139799952507019,20715303968,0.3837728532335991,6.344160121385957,True,12.67613892408086,True
XRP-USD,2020-12-23,0.4479660093784332,0.4479660093784332,0.22136299312114716,0.25860199332237244,0.25860199332237244,19793483656,-0.42334007070183066,-7.085834923488103,True,-14.04725397371404,True
XRP-USD,2020-12-24,0.25911301374435425,0.3676240146160126,0.24374200403690338,0.33781901001930237,0.33781901001930237,16742652289,0.30632794310358724,5.055511744619307,True,10.111949081539949,True
XRP-USD,2021-01-30,0.282151997089386,0.4893459975719452,0.27982500195503235,0.44024398922920227,0.44024398922920227,24417465997,0.5601088348528376,9.278311327678416,True,18.514597929113766,True
XRP-USD,2021-04-05,0.6467030048370361,0.9368550181388855,0.633974015712738,0.9204729795455933,0.9204729795455933,26415199263,0.4232746486921297,7.001452182433583,True,13.984037693759209,True
XRP-USD,2021-04-10,1.0202820301055908,1.3899569511413574,1.0086359977722168,1.3744159936904907,1.3744159936904907,25547794935,0.346361918588187,5.721659041286554,True,11.437468255386355,True
XRP-USD,2021-04-26,1.0351829528808594,1.3690769672393799,1.016921043395996,1.3685059547424316,1.3685059547424316,15417459290,0.3257427859022859,5.378565972659882,True,10.754771735932303,True
XRP-USD,2021-05-19,1.593269944190979,1.64437997341156,0.8753179907798767,1.0703129768371582,1.0703129768371582,20523476458,-0.3271577941439642,-5.4854052199486345,True,-10.86267262203956,True
XRP-USD,2023-07-13,0.47110098600387573,0.8875110149383545,0.470102995634079,0.8153650164604187,0.8153650164604187,10397344596,0.7307500458163925,12.117704118612329,True,24.16450389629835,True
