date,level_0_100,standardised
2020-01-02,53.88577774701937,-0.34352493874276907
2020-01-03,0.0,-4.670750807796529
2020-01-06,4.634912922321355,-4.298550276657496
2020-01-07,23.1432495278081,-2.8122628683469237
2020-01-08,27.91062815405583,-2.4294248546520345
2020-01-09,27.60465366205947,-2.45399573016678
2020-01-10,22.569088081119236,-2.858370141341843
2020-01-13,28.38555439124691,-2.3912865334587527
2020-01-14,31.981430127647094,-2.102524504607563
2020-01-15,32.16072050454949,-2.088126828830352
2020-01-16,39.30711044256827,-1.5142454689783846
2020-01-17,43.18078681347862,-1.2031750288477745
2020-01-21,43.986358413013264,-1.1384846706377336
2020-01-22,43.63548827644212,-1.1666608313081264
2020-01-23,44.67331420979981,-1.0833195970499143
2020-01-24,44.83374105114961,-1.07043673246107
2020-01-27,43.37332133063096,-1.1877137999643614
2020-01-28,42.15897586036863,-1.2852302013710033
2020-01-29,41.832823390973395,-1.311421442582157
2020-01-30,40.00939514908417,-1.45784942763806
2020-01-31,39.000411296408366,-1.5388745368840295
2020-02-03,39.85778241658462,-1.47002448691307
2020-02-04,46.28471831918408,-0.9539179285732479
2020-02-05,48.67530936144616,-0.761944687526785
2020-02-06,48.36343896919238,-0.786989025487132
2020-02-07,48.93576157107706,-0.7410294184838441
2020-02-10,50.254066972861864,-0.6351646527436473
2020-02-11,52.00159134548099,-0.4948320271758983
2020-02-12,53.82077172834572,-0.3487451608015363
2020-02-13,52.20962617856595,-0.47812606599230306
2020-02-14,54.881487141559724,-0.26356581724056094
2020-02-18,50.4390950661163,-0.6203062172694266
2020-02-19,50.570800254588065,-0.6097298068978578
2020-02-20,51.41882793749848,-0.5416300692566645
2020-02-21,51.89399900481418,-0.5034720873051451
2020-02-24,47.879157749847316,-0.8258785861071007
2020-02-25,46.036577314888675,-0.9738445626101747
2020-02-26,47.490477631945566,-0.8570910271498462
2020-02-27,46.85864351839334,-0.9078296271186486
2020-02-28,41.8365238453744,-1.3111242825024334
2020-03-02,44.62995924053837,-1.0868011603191858
2020-03-03,43.77609195936483,-1.1553698391490488
2020-03-04,47.93905610872535,-0.8210685278897405
2020-03-05,44.99038124234865,-1.0578579497872407
2020-03-06,39.36292722539424,-1.5097631763091421
2020-03-09,33.822187297738516,-1.9547049429699586
2020-03-10,35.438707166440864,-1.8248924602304826
2020-03-11,35.40669372450375,-1.8274632571995475
2020-03-12,32.23897726767444,-2.0818425233237576
2020-03-13,30.27692704146881,-2.239402362862112
2020-03-16,26.858018796354948,-2.5139532521827403
2020-03-17,26.199402034865493,-2.566842597150341
2020-03-18,26.740160692954156,-2.5234176907644352
2020-03-19,23.495487705911412,-2.783976848916846
2020-03-20,21.545525411883652,-2.9405659831037996
2020-03-23,21.10476239730637,-2.975960872043793
2020-03-24,32.55224127394979,-2.056686273038902
2020-03-25,37.452057065496405,-1.6632130685447641
2020-03-26,39.68192718900704,-1.484146307582609
2020-03-27,45.69697860873981,-1.0011155860190528
2020-03-30,52.06329813639561,-0.4898767452238469
2020-03-31,52.68625236830465,-0.43985123236572626
2020-04-01,52.784256157685014,-0.43198116812237497
2020-04-02,46.9985384501536,-0.8965955502810735
2020-04-03,46.66605364027792,-0.9232953016907312
2020-04-06,55.84499406384174,-0.18619267253649904
2020-04-07,64.63916508999891,0.5200115607943521
2020-04-08,66.32899643088189,0.6557112240141335
2020-04-09,69.4849380307208,0.9091449258743852
2020-04-13,69.07224390113956,0.8760040714932057
2020-04-14,73.86327043795421,1.2607410992625452
2020-04-15,72.54646135192884,1.1549964931736176
2020-04-16,73.39492394202524,1.2231311554592077
2020-04-17,77.44317393472974,1.548220498607764
2020-04-20,77.37597131260611,1.5428238812241042
2020-04-21,71.52359682670732,1.0728567149401895
2020-04-22,74.26524526311206,1.2930211541278132
2020-04-23,67.86482293194813,0.7790437329554153
2020-04-24,62.94328060614749,0.3838258079617367
2020-04-27,61.65871148543298,0.28067018950077993
2020-04-28,57.9255883393213,-0.0191133104434404
2020-04-29,59.71380471567102,0.12448703248070164
2020-04-30,57.692903914733876,-0.03779872435966165
2020-05-01,57.155698020791675,-0.08093833073573187
2020-05-04,58.62331233122852,0.03691648876285206
2020-05-05,63.46050122381078,0.42536052324909995
2020-05-06,58.84013543765059,0.05432818057368592
2020-05-07,56.41136678205645,-0.14071086304511438
2020-05-08,55.83659646221067,-0.1868670307908517
2020-05-11,51.77419588982072,-0.513092717461524
2020-05-12,52.27789508094,-0.47264382238821584
2020-05-13,45.04921754472897,-1.0531331786074525
2020-05-14,49.801176721973015,-0.6715334033013373
2020-05-15,45.08050902515406,-1.0506203577994808
2020-05-18,45.97633107771581,-0.9786825567323255
2020-05-19,47.11423979032601,-0.8873043077081497
2020-05-20,56.252840706640406,-0.15344108914819415
2020-05-21,52.326253440328784,-0.46876046851486963
2020-05-22,49.62014642051788,-0.686070801410667
2020-05-26,55.232559144298655,-0.23537344597546575
2020-05-27,56.557238645178906,-0.12899681666660634
2020-05-28,55.5376035755476,-0.2108772577547392
2020-05-29,53.70602626503834,-0.35795964295137783
2020-06-01,55.714080864521875,-0.19670548327028878
2020-06-02,60.87566413019726,0.21778861083677786
2020-06-03,64.20735528822655,0.48533564772666465
2020-06-04,60.84951724240831,0.215688919712957
2020-06-05,67.14229517086294,0.7210220999828768
2020-06-08,66.45123533092226,0.6655274566561252
2020-06-09,67.15521097279337,0.7220592863160749
2020-06-10,63.440391672747744,0.4237456524387798
2020-06-11,69.19929491105972,0.8862067342328439
2020-06-12,71.56413662678327,1.0761122097840887
2020-06-15,71.08652506121372,1.0377582468591295
2020-06-16,72.73267943681425,1.1699504893465018
2020-06-17,68.03221454493391,0.7924858942873964
2020-06-18,67.39788168349907,0.7415466356860193
2020-06-19,62.682149558106246,0.36285602570115383
2020-06-22,64.61528105494307,0.5180935850561847
2020-06-23,65.53320981221795,0.5918066357070674
2020-06-24,58.23503415554024,0.0057363251561345
2020-06-25,53.008870556328105,-0.4139438069297169
2020-06-26,53.946369390503676,-0.3386592072251742
2020-06-29,53.13315963180185,-0.40396293767037755
2020-06-30,52.891498347251364,-0.4233692264125588
2020-07-01,50.12202637260833,-0.6457679979132194
2020-07-02,48.18753215417952,-0.801114988817198
2020-07-06,47.25929083457472,-0.8756561760999723
2020-07-07,38.331008052434875,-1.592630076012549
2020-07-08,36.24369423750366,-1.7602490418036336
2020-07-09,32.575867577717524,-2.054788994069787
2020-07-10,36.44751151676982,-1.7438817656822556
2020-07-13,34.45200038198424,-1.9041286390774643
2020-07-14,34.154529565752604,-1.928016638195326
2020-07-15,37.26304792956415,-1.6783911963679037
2020-07-16,37.462635619881034,-1.6623635717739227
2020-07-17,36.2513332726888,-1.7596355992210118
2020-07-20,37.80534552528472,-1.6348427076378227
2020-07-21,42.0214130166565,-1.2962770029728343
2020-07-22,42.871776879459475,-1.2279896615057617
2020-07-23,41.904837889856914,-1.3056384138212347
2020-07-24,44.57575632590283,-1.091153853445193
2020-07-27,45.595376668015994,-1.00927459503086
2020-07-28,45.878717366835545,-0.9865212962394078
2020-07-29,46.01348686284065,-0.9756988107180793
2020-07-30,44.243365821650386,-1.1178460317669314
2020-07-31,43.05738373424201,-1.2130847493551133
2020-08-03,40.07447925954761,-1.4526229345217516
2020-08-04,41.87396841657681,-1.3081173459054825
2020-08-05,44.80653302798873,-1.0726216366526788
2020-08-06,46.694849289637986,-0.9209829052841679
2020-08-07,46.836428723063065,-0.9096135567759362
2020-08-10,49.16197163058239,-0.7228639198632771
2020-08-11,49.94577270216261,-0.6599218150085024
2020-08-12,48.019061699223045,-0.8146437851218832
2020-08-13,43.05775446075678,-1.2130549786543432
2020-08-14,43.79100133150589,-1.1541725618057945
2020-08-17,46.616347171568115,-0.9272869136939982
2020-08-18,46.27584492263157,-0.9546304949073305
2020-08-19,45.61361764433869,-1.0078097776352397
2020-08-20,44.012576506844866,-1.1363792614071566
2020-08-21,46.20717165763763,-0.9601452103149706
2020-08-24,47.191848931746264,-0.8810720086030791
2020-08-25,49.989251261170956,-0.6564303270286239
2020-08-26,49.08551815250752,-0.7290034149571012
2020-08-27,47.44578332970253,-0.8606801437767482
2020-08-28,47.47835205315255,-0.8580647556627146
2020-08-31,48.95779870220689,-0.7392597559143921
2020-09-01,49.94048151025115,-0.6603467171529026
2020-09-02,49.55762810234042,-0.6910912519825652
2020-09-03,47.633747568385544,-0.8455859250405043
2020-09-04,45.33678446602491,-1.0300404986287401
2020-09-08,42.21031200809083,-1.281107720157426
2020-09-09,40.71488797305398,-1.4011957626831582
2020-09-10,40.825946340246574,-1.392277367893593
2020-09-11,39.27739514375527,-1.5166317166137797
2020-09-14,42.92684569965696,-1.2235674329827635
2020-09-15,40.64968892895832,-1.4064314853922713
2020-09-16,37.74756754864445,-1.6394824913735826
2020-09-17,36.479004736158394,-1.7413527444945534
2020-09-18,33.15660149159756,-2.008153927819536
2020-09-21,33.97561116360961,-1.9423844430331394
2020-09-22,35.770358827835125,-1.7982596137039373
2020-09-23,35.94803628330058,-1.783991461442178
2020-09-24,36.25797106569993,-1.759102560062404
2020-09-25,37.23755487462319,-1.6804383823125817
2020-09-28,39.213038559255295,-1.5217997867231075
2020-09-29,41.446909541686274,-1.3424117420949766
2020-09-30,40.01039505480694,-1.4577691315359884
2020-10-01,40.72787635122973,-1.4001527482108975
2020-10-02,39.84380577049681,-1.4711468629284588
2020-10-05,42.02714933560803,-1.2958163554922182
2020-10-06,41.56530821812279,-1.3329038935130535
2020-10-07,43.031816229869804,-1.2151379138625642
2020-10-08,44.75691127762494,-1.0766064454616007
2020-10-09,46.943632235417475,-0.9010047209882949
2020-10-12,51.04335919586678,-0.571781588261132
2020-10-13,48.86186559738556,-0.7469635365822778
2020-10-14,52.491206342554584,-0.4555141446140059
2020-10-15,55.84943759011451,-0.18583584105625775
2020-10-16,60.498864870026104,0.18753024630675824
2020-10-19,65.33263922187062,0.5757000806305689
2020-10-20,68.66287738670749,0.8431304368304354
2020-10-21,66.48227396535519,0.6680199730022539
2020-10-22,67.22853141875824,0.7279471874242155
2020-10-23,70.30540894947777,0.9750317541413823
2020-10-26,69.20353960055732,0.8865475983897337
2020-10-27,67.12208958586754,0.7193995172950682
2020-10-28,63.37470506795096,0.4184707768146156
2020-10-29,65.60087953067988,0.5972407626422809
2020-10-30,66.0508945102561,0.6333786183530422
2020-11-02,65.64930439722816,0.6011294572848082
2020-11-03,65.12647323569,0.5591441947174407
2020-11-04,66.93720073716929,0.7045522636701371
2020-11-05,66.80050102627479,0.6935747748037447
2020-11-06,63.73612021060998,0.4474937402044003
2020-11-09,64.22733391429625,0.4869400047791482
2020-11-10,62.38908450201165,0.33932182530412214
2020-11-11,64.62177717162494,0.518615247085192
2020-11-12,62.58461173455202,0.3550233802250777
2020-11-13,64.09372319269674,0.4762105730986267
2020-11-16,61.00626652116951,0.2282764625186926
2020-11-17,57.19847923555255,-0.07750284206018783
2020-11-18,54.956057445714876,-0.2575775479291618
2020-11-19,51.160393717153106,-0.5623832863481463
2020-11-20,48.7971054872683,-0.7521640112807749
2020-11-23,44.164912390968766,-1.1241461304006626
2020-11-24,44.62220312544864,-1.087424004848167
2020-11-25,49.22293666535213,-0.7179682036540409
2020-11-27,52.67346236293212,-0.44087831677328965
2020-11-30,48.48976356690204,-0.7768446963160217
2020-12-01,50.44175798329125,-0.6200923752397047
2020-12-02,50.177881921786415,-0.6412825921635179
2020-12-03,52.406718481109735,-0.46229883020176016
2020-12-04,52.85350738818152,-0.4264200399620818
2020-12-07,54.24455199400796,-0.3147140489750101
2020-12-08,54.404547866112466,-0.3018657927994615
2020-12-09,51.6840149570451,-0.5203345775871051
2020-12-10,52.646052588226944,-0.44307942235491454
2020-12-11,49.995107354041544,-0.6559600612623926
2020-12-14,51.02535460716234,-0.5732274228627828
2020-12-15,47.04452651354003,-0.892902539882529
2020-12-16,46.35703540679029,-0.9481106008265214
2020-12-17,51.318935774770694,-0.5496517768155819
2020-12-18,51.888347626110566,-0.5039259137718781
2020-12-21,57.15815364695267,-0.08074113493578544
2020-12-22,58.89318879671198,0.058588560164909834
2020-12-23,61.320470879339936,0.2535082265145229
2020-12-24,67.00485162252333,0.7099848782376167
2020-12-28,66.29029204940188,0.6526031200247608
2020-12-29,63.20564865650292,0.4048949260515103
2020-12-30,70.01785067260131,0.9519397683413047
2020-12-31,68.45419536712711,0.8263725041942195
2021-01-04,70.68752153125402,1.005716797911482
2021-01-05,71.06297510043663,1.0358670985125609
2021-01-06,71.36824649415426,1.0603815126531284
2021-01-07,69.4977794165039,0.9101761363176313
2021-01-08,70.87429362002902,1.02071528263149
2021-01-11,72.4517161802067,1.147388107896732
2021-01-12,73.32493724599533,1.217510966715305
2021-01-13,74.9006844403288,1.3440492539498405
2021-01-14,73.10374166854855,1.1997481494216276
2021-01-15,72.50470960587072,1.1516436746160188
2021-01-19,72.9186614831682,1.1848855307583674
2021-01-20,68.27362949359504,0.8118724013529007
2021-01-21,65.85736023128564,0.6178371049236296
2021-01-22,62.10783004676139,0.31673605953380596
2021-01-25,62.608979447343685,0.35698019706192
2021-01-26,60.71598108893039,0.2049654761264806
2021-01-27,53.49325540112089,-0.3750459248056923
2021-01-28,52.511516902336254,-0.453883132065299
2021-01-29,52.21482274946647,-0.47770876226261294
2021-02-01,51.1912965715925,-0.5599016736342025
2021-02-02,50.35119690593491,-0.627364762371342
2021-02-03,48.86182734087788,-0.7469666087203564
2021-02-04,45.35066229098108,-1.028926058313181
2021-02-05,44.17471127263736,-1.1233592442125633
2021-02-08,45.9903026131994,-0.9775605911172273
2021-02-09,46.23078852228958,-0.9582486893415215
2021-02-10,43.29238868732231,-1.1942129884778923
2021-02-11,41.85788442838712,-1.309408949231664
2021-02-12,42.361225520176234,-1.2689888108498244
2021-02-16,42.63310893866689,-1.247155573749991
2021-02-17,45.72849598738156,-0.9985846247545869
2021-02-18,46.08479166091309,-0.9699727735389316
2021-02-19,50.339134657872506,-0.6283334051939362
2021-02-22,52.56554499425269,-0.4495444778457386
2021-02-23,55.73090285432423,-0.19535461570401835
2021-02-24,56.766017209412134,-0.11223113114017097
2021-02-25,56.03958541519907,-0.17056627231192092
2021-02-26,56.41836775572045,-0.14014865914616223
2021-03-01,54.87296462537503,-0.2642502065923668
2021-03-02,55.18424527449615,-0.23925322717162878
2021-03-03,50.418893018931165,-0.6219285158580776
2021-03-04,50.00388513504338,-0.6552551732082136
2021-03-05,49.79395785051943,-0.6721131051931047
2021-03-08,52.57984249830642,-0.4483963357572144
2021-03-09,50.194808660711765,-0.6399233128579398
2021-03-10,51.675400038676486,-0.5210263871736613
2021-03-11,51.54136081972109,-0.5317902287656783
2021-03-12,53.00908978783716,-0.4139262018343284
2021-03-15,54.85820304432936,-0.2654356157678433
2021-03-16,56.11102520183121,-0.16482939505563265
2021-03-17,57.72049632955177,-0.035582952106170164
2021-03-18,55.34887869120896,-0.22603255913088954
2021-03-19,58.19966961935281,0.0028964230106040285
2021-03-22,54.123372574461115,-0.32444520144202765
2021-03-23,53.03611642414155,-0.4117558636735079
2021-03-24,52.037719768101596,-0.4919307821441203
2021-03-25,49.04209071786804,-0.7324907974623854
2021-03-26,52.41812690393228,-0.4613826919473481
2021-03-29,53.744628432918276,-0.35485974708950835
2021-03-30,54.908078890214526,-0.26143040215529184
2021-03-31,58.0038031045987,-0.012832377518256962
2021-04-01,59.779971692107296,0.12980048371186545
2021-04-05,61.56300704694468,0.27298477157930034
2021-04-06,63.423335897481145,0.4223760110410654
2021-04-07,62.718907837213514,0.36580785052219683
2021-04-08,65.81274757759888,0.6142545449756827
2021-04-09,64.27039812777254,0.49039821929096067
2021-04-12,65.0810676180483,0.5554979568514499
2021-04-13,67.7277966354013,0.7680400180616311
2021-04-14,67.49445745298192,0.7493020246866553
2021-04-15,66.0968885929439,0.6370721121235958
2021-04-16,66.00698183290403,0.6298522690756992
2021-04-19,67.46329993522967,0.7467999615733423
2021-04-20,62.96793433311708,0.38580559278756366
2021-04-21,63.34810116377162,0.4163343855960797
2021-04-22,65.56712069632819,0.5945298042517095
2021-04-23,65.87645589671205,0.619370556993447
2021-04-26,67.57935695897596,0.7561197668436329
2021-04-27,64.4295926657492,0.5031821253928402
2021-04-28,65.78953558472568,0.6123905366931114
2021-04-29,68.092098075761,0.7972947617578044
2021-04-30,65.33772126520697,0.5761081873762091
2021-05-03,66.93761464482355,0.7045855019750074
2021-05-04,67.90304841556983,0.7821133796878326
2021-05-05,70.09528542473453,0.9581580633461156
2021-05-06,70.18979649672067,0.9657476495543816
2021-05-07,67.67988695743682,0.7641926949546094
2021-05-10,68.73198416500973,0.8486799649489728
2021-05-11,66.90106261298172,0.7016502395669005
2021-05-12,64.15384219459538,0.4810383497609374
2021-05-13,61.32251551022176,0.25367241788401607
2021-05-14,60.37885329409656,0.17789287597155942
2021-05-17,59.529245261902645,0.10966623047846855
2021-05-18,60.586756409471455,0.1945882597392521
2021-05-19,59.77429672893584,0.1293447633257423
2021-05-20,62.13201121010011,0.3186778957644039
2021-05-21,58.733107204669444,0.04573342036349759
2021-05-24,60.46104116439201,0.18449286382242716
2021-05-25,59.38858341890763,0.0983705678519699
2021-05-26,60.31432521241818,0.17271103400891763
2021-05-27,59.842080621306415,0.1347880588451678
2021-05-28,58.15463951319977,-0.0007196599036389632
2021-06-01,61.335099871637446,0.2546829883265377
2021-06-02,61.80970309212223,0.2927953700919024
2021-06-03,59.78072811756533,0.1298612274544058
2021-06-04,59.070435588173694,0.07282212852539169
2021-06-07,56.98226001032827,-0.09486603999285605
2021-06-08,60.34210660217255,0.1749419816438897
2021-06-09,58.75741917411972,0.04768576080528899
2021-06-10,59.6169250188842,0.11670723700126902
2021-06-11,58.76472105957657,0.04827212902641947
2021-06-14,61.08073374747042,0.23425645429980435
2021-06-15,62.44531706711967,0.3438375068177319
2021-06-16,64.02159587413561,0.4704184845032184
2021-06-17,60.56826865764926,0.1931036253646461
2021-06-18,63.58351256892148,0.4352387860673356
2021-06-21,62.91989826401456,0.3819481200079383
2021-06-22,60.04573904981184,0.15114257866701972
2021-06-23,59.60465366315565,0.11572180206505496
2021-06-24,61.305633374960365,0.2523167204164773
2021-06-25,63.767504530080124,0.45001401632867644
2021-06-28,63.28034271290153,0.410893133122586
2021-06-29,64.99196664660914,0.5483428215877559
2021-06-30,63.08598433168054,0.3952854412556284
2021-07-01,63.87760992493745,0.4588558839395669
2021-07-02,67.8942048072218,0.7814032054559792
2021-07-06,65.31576966663314,0.5743453933851556
2021-07-07,68.52535568816198,0.8320869393366036
2021-07-08,66.36544471616011,0.6586381551921354
2021-07-09,70.19681513699753,0.9663112721472327
2021-07-12,70.43303591246645,0.98528066802783
2021-07-13,70.51470031524806,0.991838619514704
2021-07-14,70.00360739339521,0.9507959807072075
2021-07-15,66.80256551755744,0.6937405610363692
2021-07-16,69.99076469918299,0.9497646651922973
2021-07-19,68.58561167557274,0.8369257164386673
2021-07-20,70.46432586322041,0.9877933659975907
2021-07-21,68.07506421702683,0.7959268803381409
2021-07-22,72.1271795105645,1.121326621340384
2021-07-23,74.53334779789621,1.3145507723792822
2021-07-26,75.97608358760013,1.430407755287204
2021-07-27,71.97615150065549,1.1091985174370098
2021-07-28,70.75933045235323,1.011483318021262
2021-07-29,68.19512470963937,0.8055681788626494
2021-07-30,67.6527979962885,0.7620173518799097
2021-08-02,65.5108988863135,0.5900149864115966
2021-08-03,63.1619469903111,0.4013855217453532
2021-08-04,61.2446964190971,0.24742325904656126
2021-08-05,59.61388525332114,0.11646313266186276
2021-08-06,57.79799573712954,-0.029359465031690277
2021-08-09,53.77450455427596,-0.3524605848130923
2021-08-10,54.301316850703905,-0.3101556224918476
2021-08-11,53.57550123171693,-0.3684412825298059
2021-08-12,56.92591394889883,-0.09939083567793332
2021-08-13,61.08850962549525,0.23488088586506145
2021-08-16,55.12301547411095,-0.24417020503223816
2021-08-17,55.09647612653392,-0.24630141211849924
2021-08-18,51.84497548980783,-0.5074088556176172
2021-08-19,50.32806634510951,-0.6292222313613842
2021-08-20,48.419646790189944,-0.7824753310164744
2021-08-23,44.37339411301766,-1.1074042823918944
2021-08-24,41.57136504992504,-1.3324175076733191
2021-08-25,42.905597901773426,-1.2252737091934116
2021-08-26,42.675705190825866,-1.2437349382507248
2021-08-27,45.455560615032276,-1.0205023376129665
2021-08-30,48.86551015150336,-0.7466708655006109
2021-08-31,47.758944433130964,-0.8355321569684496
2021-09-01,46.03347085132777,-0.9740940230437822
2021-09-02,51.3664883131734,-0.5458331333271016
2021-09-03,50.9175244207374,-0.5818865828799858
2021-09-07,54.479898714975384,-0.29581484288118115
2021-09-08,54.03055161131902,-0.3318990657025496
2021-09-09,52.384393856169154,-0.4640915795801463
2021-09-10,52.92415424825045,-0.42074683762114223
2021-09-13,49.71716819621597,-0.6782795964728195
2021-09-14,47.816682439334926,-0.8308955830055327
2021-09-15,50.412050445540814,-0.6224779996332706
2021-09-16,51.779829627497875,-0.5126403076340087
2021-09-17,51.33924318129355,-0.5480210174851398
2021-09-20,52.65364318728293,-0.4424698693713638
2021-09-21,51.66483364356908,-0.5218749075098816
2021-09-22,48.70120015128703,-0.7598655620088121
2021-09-23,50.326587615594306,-0.6293409787726504
2021-09-24,47.628718553499425,-0.8459897734068247
2021-09-27,50.72615579045197,-0.5972541867658242
2021-09-28,46.554787500642384,-0.9322303813705874
2021-09-29,43.89704213514674,-1.1456570957983405
2021-09-30,43.75107469384311,-1.1573788174558444
2021-10-01,44.08631490211413,-1.1304577974347947
2021-10-04,40.178209990553384,-1.4442929758315128
2021-10-05,40.65207126181124,-1.406240175314161
2021-10-06,39.43841095310134,-1.5037015557316267
2021-10-07,40.74313618097282,-1.3989273278350118
2021-10-08,41.81816604026135,-1.312598481679017
2021-10-11,44.92277436372591,-1.0632870304525648
2021-10-12,45.60755877893561,-1.0082963267805891
2021-10-13,47.63724302711962,-0.8453052268657593
2021-10-14,48.74742722294279,-0.7561533583683913
2021-10-15,53.91771078854602,-0.3409605982219663
2021-10-18,54.18492885668093,-0.3195020058909686
2021-10-19,57.82883091540138,-0.026883286962567303
2021-10-20,60.76131451419694,0.20860591667959244
2021-10-21,60.81574739176043,0.21297707667334018
2021-10-22,58.09184933782827,-0.005761941606717972
2021-10-25,60.472211252971505,0.18538986296175036
2021-10-26,61.6143554391774,0.2771082360720448
2021-10-27,61.506771662100654,0.2684688636305329
2021-10-28,61.19670808031393,0.24356961918688758
2021-10-29,63.95953055514495,0.46543441142983166
2021-11-01,64.58647571254804,0.5157804102633113
2021-11-02,64.48655701119976,0.5077565715556964
2021-11-03,65.67845406214643,0.6034702824409509
2021-11-04,66.79899410362326,0.6934537633800808
2021-11-05,71.4930700293313,1.0704053009896477
2021-11-08,69.72784195768628,0.9286510033665658
2021-11-09,67.21124379379752,0.7265589276445072
2021-11-10,65.25188627039226,0.5692153220309959
2021-11-11,64.32673435694232,0.49492222540947456
2021-11-12,61.68757680177737,0.28298818042206286
2021-11-15,58.20990568711917,0.0037184168480850375
2021-11-16,60.6444086958018,0.1992179500814793
2021-11-17,56.38607168584816,-0.14274215217648045
2021-11-18,56.803562210461465,-0.10921612965764518
2021-11-19,60.29547568999073,0.17119734812596876
2021-11-22,64.75882138131013,0.5296204004697806
2021-11-23,67.34211280522516,0.7370681899282555
2021-11-24,63.33823404969958,0.4155420200953741
2021-11-26,59.54058378493854,0.11057675552327936
2021-11-29,57.54185435639315,-0.04992855868124708
2021-11-30,53.84634778898653,-0.34669130919429075
2021-12-01,47.420209521029086,-0.862733814542743
2021-12-02,46.932409502521864,-0.9019059476595579
2021-12-03,43.683707267891,-1.162788669192236
2021-12-06,41.45730761132555,-1.341576738912086
2021-12-07,37.609608212853566,-1.6505611327456053
2021-12-08,40.314690279737206,-1.4333331073343962
2021-12-09,39.70270363668636,-1.4824778825245715
2021-12-10,41.218771369587515,-1.3607320752385206
2021-12-13,40.95978810139778,-1.3815293828884918
2021-12-14,42.38997189707507,-1.2666803712028694
2021-12-15,43.87877625821452,-1.1471239128043624
2021-12-16,40.20522451225988,-1.442123610517398
2021-12-17,39.61617311382076,-1.4894266013268622
2021-12-20,35.90432468283654,-1.787501663506882
2021-12-21,36.147473682226774,-1.7679759057988724
2021-12-22,34.919599737825976,-1.8665786933672877
2021-12-23,32.803919196366735,-2.0364756114861415
2021-12-27,35.74838088463055,-1.8000245232656016
2021-12-28,43.5508472438874,-1.1734578170985832
2021-12-29,47.740772913394274,-0.8369913967451079
2021-12-30,52.190340673325586,-0.47967476289644156
2021-12-31,59.253905209014725,0.0875554129407342
2022-01-03,61.73021872546505,0.28641248351283066
2022-01-04,65.20743017681625,0.5656453344349669
2022-01-05,67.13626288351459,0.7205376851529397
2022-01-06,66.49618151997491,0.6691368007189897
2022-01-07,66.03513718729334,0.6321132474443848
2022-01-10,70.39127765740216,0.9819273267731286
2022-01-11,72.00203699690519,1.1112772178601684
2022-01-12,75.05855863564535,1.3567271316866538
2022-01-13,77.02692435628302,1.5147941286239506
2022-01-14,78.16411567559744,1.6061147683315764
2022-01-18,83.17690049766021,2.0086598008977976
2022-01-19,88.13333495093653,2.406679691882352
2022-01-20,93.49075651673799,2.8369003207800203
2022-01-21,94.61438738681656,2.92713200660811
2022-01-24,92.65013611518793,2.769395415038115
2022-01-25,92.983028435518,2.796127891033995
2022-01-26,91.89653952294013,2.708878840811147
2022-01-27,93.34117573377337,2.8248884345157697
2022-01-28,91.89119374861411,2.7084495554983814
2022-01-31,90.83373074757426,2.623531392580709
2022-02-01,87.93334999823703,2.3906201656599513
2022-02-02,89.33575998922989,2.5032388388195748
2022-02-03,89.77960481603931,2.5388812086009342
2022-02-04,90.79399418008192,2.620340400263451
2022-02-07,92.05936827420457,2.7219545875880615
2022-02-08,92.85309034081477,2.785693384782363
2022-02-09,89.93476183479567,2.551340887080103
2022-02-10,88.65774801915288,2.4487919873661292
2022-02-11,85.43327194536245,2.1898547155287074
2022-02-14,83.3579807897126,2.0232012134356947
2022-02-15,82.69763167447333,1.9701727540992573
2022-02-16,81.01655883954805,1.8351764310768142
2022-02-17,77.59711007391343,1.5605821359731018
2022-02-18,74.24110191677458,1.2910823547413104
2022-02-22,71.13956837185148,1.0420178195250294
2022-02-23,70.23173177498545,0.9691152064222663
2022-02-24,68.70663207880658,0.8466440993117029
2022-02-25,67.50531032154893,0.7501735498938651
2022-02-28,62.14780969938556,0.31994657247997216
2022-03-01,61.55299885110486,0.27218107669446484
2022-03-02,62.89342586342364,0.37982228901054976
2022-03-03,62.180024728838255,0.32253355766694547
2022-03-04,59.89480476727586,0.1390220014159484
2022-03-07,58.826796770642595,0.05325703662162709
2022-03-08,57.15696746334966,-0.08083638983581652
2022-03-09,53.79020917620655,-0.3511994459908828
2022-03-10,50.80529825796465,-0.59089875594381
2022-03-11,49.94677184517798,-0.659841580154636
2022-03-14,51.382424164957776,-0.5445534258983525
2022-03-15,52.941276713728556,-0.41937184075449796
2022-03-16,52.51984739295224,-0.4532141630719473
2022-03-17,50.24186604423048,-0.6361444321252883
2022-03-18,49.47742475288338,-0.6975318755212031
2022-03-21,51.43514782821854,-0.5403195220908512
2022-03-22,54.2356859979047,-0.31542602102583756
2022-03-23,55.61837005302889,-0.20439141296745253
2022-03-24,56.732632043931595,-0.11491208254794721
2022-03-25,58.982804353456245,0.065785018518615
2022-03-28,59.95957101602667,0.14422296906926577
2022-03-29,61.5497965144837,0.27192391730198967
2022-03-30,64.01586056146103,0.46995791783033786
2022-03-31,62.75122715643198,0.368403210560404
2022-04-01,64.70864273504468,0.5255908708745436
2022-04-04,64.51128021731256,0.5097419358119104
2022-04-05,61.75834433906896,0.2886710735872144
2022-04-06,64.37758292459922,0.4990055521529846
2022-04-07,66.63928098161152,0.6806282130754873
2022-04-08,70.75384466039468,1.0110427887783375
2022-04-11,72.22133088342807,1.1288873223879756
2022-04-12,72.50367088613692,1.1515602616063023
2022-04-13,73.63197769308104,1.242167442338849
2022-04-14,74.23030139136286,1.2902150328817208
2022-04-18,77.46499210868738,1.5499725781120854
2022-04-19,77.20929742277478,1.529439355697535
2022-04-20,77.3840255504609,1.5434706661060889
2022-04-21,76.63643196102214,1.4834361550529904
2022-04-22,76.53207370830114,1.4750558040642083
2022-04-25,78.18641370149112,1.6079053817088003
2022-04-26,76.56132946920515,1.4774051491176847
2022-04-27,77.3028322384218,1.5369505449360976
2022-04-28,80.59170236551643,1.8010588957654443
2022-04-29,79.0196915449714,1.6748206530693706
2022-05-02,76.9152055042346,1.5058226944745823
2022-05-03,76.77208295497967,1.4943294280975346
2022-05-04,75.63839546588099,1.4032901588253792
2022-05-05,80.29591550460718,1.7773061244449362
2022-05-06,77.55631162544847,1.5573058707135816
2022-05-09,76.79508669397673,1.496176712828959
2022-05-10,76.20872990398259,1.4490901089745998
2022-05-11,73.55140607283298,1.2356972453030772
2022-05-12,68.92290403722195,0.8640115319132986
2022-05-13,66.58749533180548,0.676469635193611
2022-05-16,63.512573508653446,0.42954211897719285
2022-05-17,61.14417122130686,0.23935071644706782
2022-05-18,57.75032736717123,-0.033187410219521415
2022-05-19,56.538679244628845,-0.13048720469721822
2022-05-20,54.797098407321755,-0.27034254254952206
2022-05-23,57.00519098399708,-0.09302459858454724
2022-05-24,58.634145510783874,0.037786432870110416
2022-05-25,56.56475531165126,-0.1283932007410665
2022-05-26,54.07970462724412,-0.3279518979906596
2022-05-27,49.545341466717915,-0.6920779139503844
2022-05-31,50.824672586946576,-0.589342926166986
2022-06-01,53.192033188196454,-0.39923517485641297
2022-06-02,49.77574055196624,-0.6735760211768691
2022-06-03,50.27902818244863,-0.6331601759343152
2022-06-06,47.54705988023484,-0.8525472647924377
2022-06-07,48.363543464468,-0.7869806341327013
2022-06-08,49.249238973260674,-0.7158560317237774
2022-06-09,47.74105735220834,-0.836968555263629
2022-06-10,47.84539487409317,-0.8285898690371329
2022-06-13,51.09709483142251,-0.5674664193614932
2022-06-14,52.19205310592078,-0.47953724826948857
2022-06-15,55.30205348698024,-0.22979279501378758
2022-06-16,55.12220242913048,-0.244235495530386
2022-06-17,59.36343592072665,0.09635113138430683
2022-06-21,59.668441510337665,0.12084420047884699
2022-06-22,60.25320073168719,0.16780251370336624
2022-06-23,56.44290702969865,-0.13817806531591634
2022-06-24,53.03344652563824,-0.41197026632953926
2022-06-27,56.62157047373883,-0.12383073455019089
2022-06-28,58.48014249006638,0.02541942467195875
2022-06-29,59.5517211610614,0.11147112773218515
2022-06-30,58.611637707673715,0.03597897361191571
2022-07-01,59.22206668376293,0.08499866242394905
2022-07-05,63.41544155168871,0.42174206607895215
2022-07-06,62.563605398780695,0.3533364943089003
2022-07-07,61.41159885631499,0.2608261377676965
2022-07-08,62.79666798350885,0.37205227587335904
2022-07-11,61.95222757144738,0.3042406092569499
2022-07-12,60.99053711734855,0.2270133336196658
2022-07-13,62.36665138019896,0.3375203632284106
2022-07-14,59.35175455178873,0.09541307455433146
2022-07-15,56.113849877436984,-0.1646025632297959
2022-07-18,58.77419440348102,0.04903287333639663
2022-07-19,59.696541343803375,0.12310072031344618
2022-07-20,59.581857485750575,0.11389118529181558
2022-07-21,59.104240889194784,0.07553681836018122
2022-07-22,61.917972468763026,0.3014897986965322
2022-07-25,63.54685495628849,0.4322950451339131
2022-07-26,63.14761639397637,0.4002347222251214
2022-07-27,62.91233365658844,0.3813406542477292
2022-07-28,63.82660526335636,0.4547600222806294
2022-07-29,66.31108721798999,0.6542730484405348
2022-08-01,66.40616795216033,0.6619083806144916
2022-08-02,62.44493068970473,0.3438064792921941
2022-08-03,64.02732203078834,0.47087831591391727
2022-08-04,65.99516682169438,0.6289034802804515
2022-08-05,71.48095474330617,1.0694323990238435
2022-08-08,69.8023186442096,0.9346317548382836
2022-08-09,70.6026782037773,0.9989035670957838
2022-08-10,74.04751548398545,1.2755366531687042
2022-08-11,73.2215304376096,1.2092070202011846
2022-08-12,75.92800817707332,1.4265471232467115
2022-08-15,78.35766031570057,1.6216571137979976
2022-08-16,74.68771958817501,1.326947394127653
2022-08-17,75.8727871463589,1.4221126716601522
2022-08-18,72.7179384401755,1.168766733174506
2022-08-19,70.4056268187942,0.9830796171356494
2022-08-22,69.98337102393667,0.9491709259139398
2022-08-23,68.48264006269312,0.8286567177221089
2022-08-24,68.92827144353913,0.8644425543544041
2022-08-25,67.88928331173715,0.781007991292501
2022-08-26,64.79613721520558,0.5326169989881459
2022-08-29,61.29447733919914,0.2514208497700755
2022-08-30,58.89299594593959,0.0585730735395692
2022-08-31,59.756754109334096,0.12793602653979474
2022-09-01,55.4386277827271,-0.21882537744438485
2022-09-02,52.79034679603476,-0.43149206749270985
2022-09-06,48.65973319114143,-0.763195511211652
2022-09-07,46.978052941711255,-0.8982406118497979
2022-09-08,49.81444891796194,-0.6704675972162502
2022-09-09,45.76777618710651,-0.9954302804452329
2022-09-12,46.870064801108654,-0.9069124561676141
2022-09-13,45.7924532620789,-0.9934486206890276
2022-09-14,45.07006376822599,-1.0514591502949748
2022-09-15,44.31800880562928,-1.111851925998741
2022-09-16,45.82305645609124,-0.990991071807993
2022-09-19,46.672933975469775,-0.9227427855041832
2022-09-20,46.41108751428168,-0.9437700180680852
2022-09-21,43.428216127058114,-1.1833055461892885
2022-09-22,44.199009388223956,-1.1214080162869091
2022-09-23,41.74452272656138,-1.3185123102521414
2022-09-26,42.80447576456998,-1.2333941882202732
2022-09-27,43.82886770132161,-1.1511317532309786
2022-09-28,41.1667344400909,-1.3649108318024705
2022-09-29,41.879075176697796,-1.3077072543112518
2022-09-30,44.20472345365256,-1.1209491558459181
2022-10-03,46.04600709551653,-0.9730873165913105
2022-10-04,48.80069790248699,-0.7518755271442052
2022-10-05,49.01564177514953,-0.7346147447064608
2022-10-06,48.31401942067228,-0.7909575967453424
2022-10-07,45.93370604512819,-0.9821055034057196
2022-10-10,46.69063686505237,-0.9213211784501206
2022-10-11,46.00022686924207,-0.9767636369064038
2022-10-12,45.39894746191241,-1.0250485817417812
2022-10-13,43.22528647999596,-1.199601542184519
2022-10-14,45.17844885532745,-1.0427554297153634
2022-10-17,40.89275278700055,-1.3869125648472205
2022-10-18,43.09209578645786,-1.2102972440689954
2022-10-19,44.68617583548438,-1.0822867612682425
2022-10-20,46.079626143084624,-0.9703875835928821
2022-10-21,46.657893174075376,-0.9239506170992045
2022-10-24,49.499078286955736,-0.6957930172043721
2022-10-25,48.1898621508948,-0.8009278815231649
2022-10-26,48.99279119391892,-0.7364497303067107
2022-10-27,51.59091880494968,-0.5278105405313153
2022-10-28,51.52279543311869,-0.5332810974982796
2022-10-31,53.21594952295439,-0.39731460533353613
2022-11-01,56.647511096734796,-0.12174760724683227
2022-11-02,58.97964419930839,0.06553124653367709
2022-11-03,57.87935611082818,-0.022825928196841306
2022-11-04,64.30640040268848,0.49328933419872756
2022-11-07,63.26242977334573,0.4094546582841871
2022-11-08,63.36356191566605,0.41757594075868076
2022-11-09,63.3379634245293,0.41552028790022666
2022-11-10,65.06694956598561,0.5543642254169127
2022-11-11,69.24545132187669,0.889913263548381
2022-11-14,69.33760750237155,0.8973137433206644
2022-11-15,71.59072994663472,1.0782477510422197
2022-11-16,71.33397287407536,1.0576292150779163
2022-11-17,72.83218985547693,1.1779415414548908
2022-11-18,70.1875181239494,0.9655646878526588
2022-11-21,71.32320255636878,1.0567643190079985
2022-11-22,69.67411417755338,0.9243364652862317
2022-11-23,71.39336304277974,1.0623984637578117
2022-11-25,73.79100061088634,1.2549375667106297
2022-11-28,74.07417727411422,1.277677692841587
2022-11-29,74.73808714579626,1.3309920939986088
2022-11-30,72.96983334660929,1.1889948193407756
2022-12-01,71.86410058154216,1.100200417082686
2022-12-02,72.48877312059369,1.1503639163154842
2022-12-05,72.53922133123758,1.154415092920386
2022-12-06,67.08944566462853,0.7167780905223865
2022-12-07,69.30930404591804,0.8950408718122629
2022-12-08,69.80240851225837,0.9346389715726732
2022-12-09,70.32860184991378,0.9768942292311238
2022-12-12,67.82812181107847,0.7760964981507887
2022-12-13,68.27235261828906,0.8117698635760204
2022-12-14,69.49692158407902,0.9101072492231974
2022-12-15,68.99580202435581,0.8698655080256691
2022-12-16,64.1487677814243,0.48063085574559106
2022-12-19,64.42554465988944,0.5028570556544628
2022-12-20,72.12933027869619,1.1214993359208707
2022-12-21,71.58797194726024,1.0780262735626502
2022-12-22,73.2553454529967,1.2119224901352463
2022-12-23,72.94305386198609,1.186844328367712
2022-12-27,72.53182571909647,1.153821198102263
2022-12-28,71.71251269532122,1.0880273530551055
2022-12-29,69.63125204596275,0.9208944786920603
2022-12-30,68.95710634786487,0.8667581030788902
2023-01-03,67.73914949891136,0.7689516946991876
2023-01-04,64.13888209128693,0.4798369985186124
2023-01-05,67.38830797366556,0.7407778316233068
2023-01-06,69.45781628994636,0.9069669504753127
2023-01-09,69.60889292948585,0.9190989595166242
2023-01-10,69.1543362084162,0.8825963852826718
2023-01-11,68.88028122344684,0.8605887634186982
2023-01-12,72.16915494375166,1.124697402796021
2023-01-13,72.68083152084692,1.165786911263178
2023-01-17,73.55431227661728,1.235930624141094
2023-01-18,73.31448215733415,1.216671384695531
2023-01-19,77.52862520256058,1.5550825492667888
2023-01-20,77.0455566999979,1.5162903742586091
2023-01-23,73.50127918182507,1.2316718718451125
2023-01-24,74.26677601114294,1.2931440788169442
2023-01-25,74.37054213246628,1.3014768794796687
2023-01-26,74.41393250929865,1.304961286106932
2023-01-27,70.86667942171997,1.020103834541239
2023-01-30,70.05547995696453,0.9549615380834988
2023-01-31,69.97639892548369,0.948611040800488
2023-02-01,66.99170961537834,0.7089295267948655
2023-02-02,66.4698646480759,0.6670234592468001
2023-02-03,66.99216384206164,0.7089660028658551
2023-02-06,64.12548130869203,0.47876086645678173
2023-02-07,64.90912475666809,0.5416903135572106
2023-02-08,63.62234433343383,0.4383571193820698
2023-02-09,67.01997573333315,0.7111993998846813
2023-02-10,67.7191426067809,0.7673450677782088
2023-02-13,67.25069755893053,0.7297272098936132
2023-02-14,64.91836302197993,0.5424321801927858
2023-02-15,61.182309733362864,0.24241337904332305
2023-02-16,60.14090161192017,0.15878448192494116
2023-02-17,61.627397948677256,0.2781555974884485
2023-02-21,60.50135573531358,0.18773027193798997
2023-02-22,57.51801251922159,-0.05184314577431767
2023-02-23,55.100558290723725,-0.24597359934076085
2023-02-24,55.40122048816046,-0.22182932059057078
2023-02-27,54.12457259343928,-0.32434883551055593
2023-02-28,58.28898043031957,0.010068409159080733
2023-03-01,59.77283788944732,0.12922761315667233
2023-03-02,63.337778896505206,0.41550546962214263
2023-03-03,62.62615802496495,0.35835969993975364
2023-03-06,60.40375011898327,0.1798921824529999
2023-03-07,62.75816763814737,0.36896055673370265
2023-03-08,63.19338743311469,0.40391030477943934
2023-03-09,61.128565380189414,0.23809751008696275
2023-03-10,58.189017087589036,0.0020409855845072377
2023-03-13,53.77320419776278,-0.35256500821715353
2023-03-14,54.34913613050051,-0.30631555868972804
2023-03-15,51.551256677700565,-0.5309955550236325
2023-03-16,50.55902347307965,-0.6106755257076827
2023-03-17,49.52661272667501,-0.6935819005642351
2023-03-20,49.389933193460685,-0.7045577690888004
2023-03-21,50.14136698802806,-0.6442148754592654
2023-03-22,52.102160519997135,-0.48675595308379305
2023-03-23,52.720431604937566,-0.43710651412788626
2023-03-24,53.69558410567752,-0.3587981867008444
2023-03-27,53.95391876985399,-0.3380529643353833
2023-03-28,56.84535494963207,-0.10586001920255136
2023-03-29,54.29262137677561,-0.31085390098571836
2023-03-30,57.24690477726756,-0.07361409319929324
2023-03-31,55.91679739624884,-0.18042660121922116
2023-04-03,58.800585904370514,0.05115220779062596
2023-04-04,62.45141046640672,0.34432682916080326
2023-04-05,58.78823828744515,0.050160648800210456
2023-04-06,59.24290502582762,0.08667205782846285
2023-04-10,61.4922621123274,0.2673036934919124
2023-04-11,63.12306359672506,0.3982630424263756
2023-04-12,65.16625971889708,0.5623391954499282
2023-04-13,60.83159371828736,0.21424959489509995
2023-04-14,62.263125381361164,0.3292068452832174
2023-04-17,63.492059032254346,0.4278947311751458
2023-04-18,67.19392684094335,0.7251683127272371
2023-04-19,69.17967066742938,0.8846308353918447
2023-04-20,65.92149251838302,0.6229871631277116
2023-04-21,67.78575170646174,0.7726940231297756
2023-04-24,68.0924519733937,0.7973231810375332
2023-04-25,68.78954345361576,0.8533021872323686
2023-04-26,69.13837900310455,0.8813149630872543
2023-04-27,66.11799167045335,0.6387667667566646
2023-04-28,66.87300498040099,0.6993971086183643
2023-05-01,63.0451286436433,0.39200457944821926
2023-05-02,61.81169644470995,0.2929554436260405
2023-05-03,61.498433108828756,0.2677992471762975
2023-05-04,58.3959025358066,0.018654646941697686
2023-05-05,57.185772577395525,-0.07852323338022121
2023-05-08,57.16946075102983,-0.07983313294875855
2023-05-09,53.338936377951995,-0.3874383091613301
2023-05-10,53.86009736869413,-0.34558716744322054
2023-05-11,53.40323789579771,-0.38227466110659347
2023-05-12,55.921762172723696,-0.18002791143326438
2023-05-15,56.45765473151864,-0.13699377069324054
2023-05-16,54.16048963942318,-0.32146456479906615
2023-05-17,51.27527958738568,-0.5531575290065137
2023-05-18,50.22249475003582,-0.6377000181975482
2023-05-19,49.81637963119081,-0.6703125538526948
2023-05-22,46.650051562777236,-0.9245803272877383
2023-05-23,45.53802923966151,-1.013879804157919
2023-05-24,42.948133422863606,-1.2218579506220275
2023-05-25,40.56873337319426,-1.4129325138601263
2023-05-26,40.575594085670616,-1.4123815734497045
2023-05-30,39.170881770780106,-1.525185131674469
2023-05-31,41.465247659272706,-1.34093912389909
2023-06-01,41.67987748702139,-1.3237035604213772
2023-06-02,40.717870512045124,-1.400956253847663
2023-06-05,40.79039076990798,-1.3951326107831077
2023-06-06,44.77705023797914,-1.0749892129771836
2023-06-07,46.08218150239648,-0.9701823788546133
2023-06-08,49.51407557269518,-0.6945886800762716
2023-06-09,49.02787689146813,-0.7336322199279696
2023-06-12,49.31811689025125,-0.7103248820091456
2023-06-13,51.94095154955159,-0.4997016255116912
2023-06-14,53.064097329864715,-0.4095088941734431
2023-06-15,54.481200906830566,-0.2957102720924166
2023-06-16,56.24908403410903,-0.1537427637502689
2023-06-20,54.96514559204934,-0.256847736398838
2023-06-21,54.43978517312231,-0.2990361076241878
2023-06-22,54.6660713835725,-0.28086449380305595
2023-06-23,55.16345427716464,-0.2409228206201765
2023-06-26,57.20204721539175,-0.07721632017433955
2023-06-27,59.364803094936406,0.09646092049481583
2023-06-28,59.37006310613211,0.09688331871321884
2023-06-29,60.03285518352162,0.15010795688302614
2023-06-30,58.428802240094534,0.021296614032668398
2023-07-03,61.163591055011324,0.24091020042024497
2023-07-05,65.00513431664827,0.5494002338551626
2023-07-06,64.54530537978725,0.5124742813289506
2023-07-07,60.381912977652455,0.17813857979894673
2023-07-10,57.92882564036521,-0.018853343279397267
2023-07-11,55.36901656541414,-0.2244154138682281
2023-07-12,55.88820993651669,-0.18272227923400772
2023-07-13,55.333235577078064,-0.22728875865087347
2023-07-14,53.16596679935293,-0.40132840161925387
2023-07-17,51.112054566859285,-0.566265097660614
2023-07-18,53.06085141275842,-0.4097695532389409
2023-07-19,53.25564828505627,-0.39412664892798527
2023-07-20,54.39920675695612,-0.30229470348196535
2023-07-21,54.37759868836133,-0.30402991075395974
2023-07-24,56.834130316525325,-0.10676139846774767
2023-07-25,58.036815360069305,-0.010181372153931353
2023-07-26,58.46367647478641,0.0240971431672873
2023-07-27,59.40938957805828,0.100041378850283
2023-07-28,62.300078251992275,0.332174296518336
2023-07-31,63.5470735981843,0.4323126028811921
2023-08-01,66.49825159591045,0.6693030354197521
2023-08-02,63.27201953594361,0.4102247514428398
2023-08-03,60.71187511425441,0.2046357512792493
2023-08-04,58.92187058664285,0.06089181324111645
2023-08-07,61.42197564952462,0.26165943237514155
2023-08-08,61.837493949682,0.29502707802642275
2023-08-09,64.70790235096413,0.5255314153135345
2023-08-10,63.03765976709749,0.3914048012293066
2023-08-11,62.41062504613829,0.34105161011331503
2023-08-14,64.35035117370634,0.4968187425373471
2023-08-15,63.87967775291569,0.45902193812110154
2023-08-16,63.87047788991387,0.4582831553320676
2023-08-17,62.24736679971695,0.3279413732978157
2023-08-18,60.93137919575007,0.2222627352353901
2023-08-21,62.039470317134146,0.3112465221676889
2023-08-22,58.6984345048717,0.042949075221090864
2023-08-23,57.383278704042084,-0.06266276599430001
2023-08-24,56.67243103586481,-0.1197464446067582
2023-08-25,53.07621630747171,-0.4085356957600566
2023-08-28,50.562089927997135,-0.6104292781150891
2023-08-29,48.55994937681308,-0.7712085179961431
2023-08-30,46.4921998313797,-0.9372564010893478
2023-08-31,48.16704708302165,-0.8027600152703733
2023-09-01,49.736844268457915,-0.6766995356039492
2023-09-05,52.857387960440164,-0.42610841575683817
2023-09-06,53.61622183916849,-0.3651712681895615
2023-09-07,52.72277490499895,-0.4369183385262986
2023-09-08,52.1926399797195,-0.4794901201479343
2023-09-11,53.156649928573444,-0.4020765805625896
2023-09-12,52.95226154513259,-0.4184897184467919
2023-09-13,51.751480071950354,-0.5149168810689756
2023-09-14,52.12616655054136,-0.4848281806598337
2023-09-15,51.95120960627686,-0.4988778658800461
2023-09-18,53.948807934155084,-0.3384633832134895
2023-09-19,54.63082122941118,-0.28369521065177716
2023-09-20,54.44638463010831,-0.298506146989202
2023-09-21,54.686800736336814,-0.27919985063966674
2023-09-22,55.817935913339554,-0.18836554140315023
2023-09-25,55.59838688399892,-0.20599613483633086
2023-09-26,58.97245694925013,0.06495408395609548
2023-09-27,60.811231851430605,0.21261446219982014
2023-09-28,62.977982852104965,0.3866125257692902
2023-09-29,63.834731345568464,0.45541257652838196
2023-10-02,66.8582959041085,0.6982159157674127
2023-10-03,65.93941312506306,0.6244262536643475
2023-10-04,65.8898108606932,0.620443009652308
2023-10-05,64.22884287429265,0.4870611798090871
2023-10-06,67.39900322614747,0.7416366996799771
2023-10-09,67.38017724667344,0.7401249043826598
2023-10-10,70.076491522499,0.9566488439688644
2023-10-11,70.38269777569421,0.981238330759108
2023-10-12,71.37876663171183,1.0612263183381982
2023-10-13,72.14362845370724,1.122647531889732
2023-10-16,73.18176619257535,1.2060138052756537
2023-10-17,73.36176880404514,1.2204686761045789
2023-10-18,71.2684696966522,1.05236906934556
2023-10-19,72.92257458395126,1.1851997671235959
2023-10-20,71.60566945269609,1.079447448249954
2023-10-23,69.99493269769681,0.9500993707815135
2023-10-24,74.4492676003212,1.3077988236975753
2023-10-25,73.64121639275902,1.2429093438556216
2023-10-26,72.70008982686969,1.167333423970243
2023-10-27,70.93556712285856,1.025635769958893
2023-10-30,69.54348712168475,0.9138466329225462
2023-10-31,69.02973318608724,0.8725903049377707
2023-11-01,70.6769050542226,1.0048642558128174
2023-11-02,71.7222087807275,1.0888059843257833
2023-11-03,74.56988173879364,1.317484582018108
2023-11-06,73.20218118468999,1.2076532041242665
2023-11-07,73.75054526207849,1.2516888536137374
2023-11-08,69.30701203048004,0.8948568145542951
2023-11-09,69.96786174351836,0.9479254737326309
2023-11-10,66.50160609516271,0.6695724140303811
2023-11-13,65.06111073817203,0.5538953460981718
2023-11-14,65.13792800244637,0.5600640545599554
2023-11-15,63.85533694719554,0.4570672820209282
2023-11-16,66.70827430553214,0.6861686303904786
2023-11-17,68.14876807578248,0.8018455709016105
2023-11-20,69.79359192817415,0.9339309674884608
2023-11-21,71.57569667159187,1.077040523840871
2023-11-22,68.44954073647627,0.8259987202570592
2023-11-24,68.49921990602007,0.8299881400370298
2023-11-27,67.125317254409,0.7196587109337854
2023-11-28,65.24763145324101,0.5688736445863194
2023-11-29,65.47677360288922,0.5872746008145745
2023-11-30,65.82991365951852,0.6156330444027794
2023-12-01,64.07860462382351,0.47499649648942543
2023-12-04,64.99786762271663,0.5488166916427608
2023-12-05,62.52426308695739,0.3501771621699183
2023-12-06,61.633261098559835,0.27862642995866227
2023-12-07,60.84168712218585,0.2150601323000055
2023-12-08,64.08984918654077,0.47589947617554523
2023-12-11,63.695895908440306,0.444263581001161
2023-12-12,67.11038269031133,0.7184594105838883
2023-12-13,71.43015610825483,1.0653530820519561
2023-12-14,68.51632555157597,0.8313617862021432
2023-12-15,67.63341679223686,0.760460970009735
2023-12-18,67.59032644015356,0.7570006564717755
2023-12-19,68.06790030933533,0.7953515922383428
2023-12-20,78.00972522986967,1.593716648482134
2023-12-21,82.52981455558643,1.9566964230805846
2023-12-22,85.22408625623034,2.1730563363775715
2023-12-26,87.41841346235714,2.349268870528952
2023-12-27,94.58595188866758,2.9248485316665884
2023-12-28,100.0,3.35961648015287
2023-12-29,99.42370333583463,3.3133377413521905
